InsuranceType|CaseId|ServiceType|Reason|Amount|IssueDate|IncidentDate|Cause|Department|CustomerName|CustomerType|Gender|CustomerDob|CustomerContact|Education|Occupation|Income|CustomerAddressLine|CustomerDistrictName|CustomerPincode|BeneficiaryName|Relation|BeneficiaryDob|BeneficiaryIncome|BeneficiaryContact|BeneficiaryAddressLine|BeneficiaryDistrictName|BeneficiaryPincode
CLAIM|C123456|STD|DEMO|500000|10-10-2023|16-10-2023|DEMO|DEMO|John Doe|UNKNOWN|UNKNOWN|01-01-1995|9876543210|UNKNOWN|UNKNOWN|UNKNOWN|Pragati Maidan|Central delhi|110001|Jane Doe|UNKNOWN|05-05-1990|UNKNOWN|9876543211|Anand Vihar|East delhi|110092
UNDERWRITING|U123456|PRE|DEMO|300000|01-09-2023|10-09-2023|DEMO|DEMO|Alice Smith|UNKNOWN|UNKNOWN|15-03-1999|9876501234|UNKNOWN|UNKNOWN|UNKNOWN|Pragati Maidan|Central delhi|110001|Bob Smith|UNKNOWN|20-04-1988|UNKNOWN|9876512345|Anand Vihar|East delhi|110092
CLAIM|C234567|STD|DEMO|500000|10-10-2023|16-10-2023|DEMO|DEMO|John Doe|UNKNOWN|UNKNOWN|01-01-1995|9876543210|UNKNOWN|UNKNOWN|UNKNOWN|Pragati Maidan|Central delhi|110001|Jane Doe|UNKNOWN|05-05-1990|UNKNOWN|9876543211|Anand Vihar|East delhi|110092
UNDERWRITING|U789012|PRE|DEMO|300000|01-09-2023|10-09-2023|DEMO|DEMO|Alice Smith|UNKNOWN|UNKNOWN|15-03-1999|9876501234|UNKNOWN|UNKNOWN|UNKNOWN|Pragati Maidan|Central delhi|110001|Bob Smith|UNKNOWN|20-04-1988|UNKNOWN|9876512345|Anand Vihar|East delhi|110092
CLAIM|C345678|STD|DEMO|500000|10-10-2023|16-10-2023|DEMO|DEMO|John Doe|UNKNOWN|UNKNOWN|01-01-1995|9876543210|UNKNOWN|UNKNOWN|UNKNOWN|Pragati Maidan|Central delhi|110001|Jane Doe|UNKNOWN|05-05-1990|UNKNOWN|9876543211|Anand Vihar|East delhi|110092
UNDERWRITING|U234567|PRE|DEMO|300000|01-09-2023|10-09-2023|DEMO|DEMO|Alice Smith|UNKNOWN|UNKNOWN|15-03-1999|9876501234|UNKNOWN|UNKNOWN|UNKNOWN|Pragati Maidan|Central delhi|110001|Bob Smith|UNKNOWN|20-04-1988|UNKNOWN|9876512345|Anand Vihar|East delhi|110092