Policy,Amount,IssueDate,ClaimType,ServiceType,DateOfIncident,CauseOfLoss,Reason,Dept,Document,Name,CustomerType,Gender,CustomerDob,Contact,Education,Occupation,Income,CAddress,Pincode,Comment,BeneficiaryName,Relation,BeneficiaryDob,BeneficiaryIncome,BeneficiaryContact,BAddress,BPincode
P001,500000,12-10-2023,HEALTH,DISCREET,16-10-2023,Lost in fire,DBD,loans,,Ajeet Kumar,HNI,MALE,22-09-1990, 98964872819, GRADUATE, ENGINEER, UPPER_INCOME, 100 GOOD STREET, 515631 , good guy, Suresh Kumar, father , 22-12-1999,MEDIUUM_INCOME, 9090909090 , 23 Blackburn Road, 515631
P002,100000,11-09-2023,DEATH,COMP,18-10-2023,Tragedy,VHIP,finance,,Amit Singh,NONHNI,FEMALE, 18-04-1999, 8976537289, PROFESSIONAL, DOCTOR, MEDIUUM_INCOME, 33 vermont road , 515631 , dodgy person,  Raj Kishore, Mother, 22-09-2000, MEDIUUM_INCOME, 80000909876 , 23 Glebe Street , 515631
P003,999999,12-10-2022,HEALTH,DOC,20-10-2023,Road Accident,DBD,loans,,Ruma Khan,HNI,MALE, 28-12-2000,8003390980, POST_GRADUATE, SELF_EMPLOYED, HIGHER_INCOME , 88 Springvale Road, 515631, peculiar man, Kaml John, Brother, 11-11-2001, HIGHER_INCOME, 7010198790 , 33 Forest Road ,515631
P004,930000,12-10-2023,HEALTH,DISCREET,16-10-2023,Lost in fire,DBD,loans,,Goldi Kumar,HNI,MALE,22-09-1990, 98964872819, GRADUATE, ENGINEER, UPPER_INCOME, 100 Good Road, 515631 , good guy, Suresh Kumar, father , 22-12-1999,MEDIUUM_INCOME, 9090909090 , 23 Blackburn Road, 515631
P005,880000,11-09-2023,DEATH,COMP,18-10-2023,Tragedy,VHIP,finance,,Amex Singh,NONHNI,FEMALE, 18-04-1999, 8976537289, PROFESSIONAL, DOCTOR, MEDIUUM_INCOME, 33 vermont road , 515631 , dodgy person,  Raj Kishore, Mother, 22-09-2000, MEDIUUM_INCOME, 80000909876 , 23 Glebe Street , 515631
P006,49999,12-10-2022,HEALTH,DOC,20-10-2023,Road Accident,DBD,loans,,Timothy Khan,HNI,MALE, 28-12-2000,8003390980, POST_GRADUATE, SELF_EMPLOYED, HIGHER_INCOME , 88 Springvale Road, 515631, peculiar man, Kaml John, Brother, 11-11-2001, HIGHER_INCOME, 7010198790 , 33 Forest Road ,788150